Mapname,C
last_location
Who is creating the Map,can I
GPS_LAT,37.422000885009766
GPS_LONG,-122.08401489257812
calling number,999999999
call duration,16.0
Time-based Trigger,1
Distance-based Trigger,0
X,Y,Timestamp
1.9699,-0.9442,2021-03-14 19:36:24.357247
2.4581,-0.3629,19:36:25
2.1055,0.3191,19:36:26
1.2099,0.3869,19:36:27
